Invoice0001,3000,USD,16/12/2022 12:09:14,Approved
Invoice0002,1000,EUR,16/12/2022 12:09:15,Failed
Invoice0003,1001,SGD,16/12/2022 12:09:16,Finished
Invoice0004,1002,THB,16/12/2022 12:09:17,Approved
Invoice0005,1003,USD,16/12/2022 12:09:18,Failed
Invoice0006,1004,EUR,16/12/2022 12:09:19,Finished
Invoice0007,1005,SGD,16/12/2022 12:09:20,Approved
Invoice0008,1006,THB,16/12/2022 12:09:21,Failed
Invoice0009,1007,USD,16/12/2022 12:09:22,Finished
Invoice0010,1008,EUR,16/12/2022 12:09:23,Approved
Invoice0011,1009,SGD,16/12/2022 12:09:24,Failed
Invoice0012,1010,THB,16/12/2022 12:09:25,Finished
Invoice0013,1011,USD,16/12/2022 12:09:26,Approved
Invoice0014,1012,EUR,16/12/2022 12:09:27,Failed
Invoice0015,1013,SGD,16/12/2022 12:09:28,Finished
Invoice0016,1014,THB,16/12/2022 12:09:29,Approved
Invoice0017,1015,USD,16/12/2022 12:09:30,Failed
Invoice0018,1016,EUR,16/12/2022 12:09:31,Finished
Invoice0019,1017,SGD,16/12/2022 12:09:32,Approved
Invoice0020,1018,THB,16/12/2022 12:09:33,Failed
Invoice0021,1019,USD,16/12/2022 12:09:34,Finished
Invoice0022,1020,EUR,16/12/2022 12:09:35,Approved
Invoice0023,1021,SGD,16/12/2022 12:09:36,Failed
Invoice0024,1022,THB,16/12/2022 12:09:37,Finished
Invoice0025,1023,USD,16/12/2022 12:09:38,Approved
Invoice0026,1024,EUR,16/12/2022 12:09:39,Failed
Invoice0027,1025,SGD,16/12/2022 12:09:40,Finished
Invoice0028,1026,THB,16/12/2022 12:09:41,Approved
Invoice0029,1027,USD,16/12/2022 12:09:42,Failed
Invoice0030,1028,EUR,16/12/2022 12:09:43,Finished
Invoice0031,1029,SGD,16/12/2022 12:09:44,Approved
Invoice0032,1030,THB,16/12/2022 12:09:45,Failed
Invoice0033,1031,USD,16/12/2022 12:09:46,Finished
Invoice0034,1032,EUR,16/12/2022 12:09:47,Approved
Invoice0035,1033,SGD,16/12/2022 12:09:48,Failed
Invoice0036,1034,THB,16/12/2022 12:09:49,Finished
Invoice0037,1035,USD,16/12/2022 12:09:50,Approved
Invoice0038,1036,EUR,16/12/2022 12:09:51,Failed
Invoice0039,1037,SGD,16/12/2022 12:09:52,Finished
Invoice0040,1038,THB,16/12/2022 12:09:53,Approved
Invoice0041,1039,USD,16/12/2022 12:09:54,Failed
Invoice0042,1040,EUR,16/12/2022 12:09:55,Finished
Invoice0043,1041,SGD,16/12/2022 12:09:56,Approved
Invoice0044,1042,THB,16/12/2022 12:09:57,Failed
Invoice0045,1043,USD,16/12/2022 12:09:58,Finished
Invoice0046,1044,EUR,16/12/2022 12:09:59,Approved
Invoice0047,1045,SGD,16/12/2022 12:09:00,Failed
Invoice0048,1046,THB,16/12/2022 12:10:01,Finished
Invoice0049,1047,USD,16/12/2022 12:10:02,Approved
Invoice0050,1048,EUR,16/12/2022 12:10:03,Failed
Invoice0051,1049,SGD,16/12/2022 12:10:04,Finished
Invoice0052,1050,THB,16/12/2022 12:10:05,Approved
Invoice0053,1051,USD,16/12/2022 12:10:06,Failed
Invoice0054,1052,EUR,16/12/2022 12:10:07,Finished
Invoice0055,1053,SGD,16/12/2022 12:10:08,Approved
Invoice0056,1054,THB,16/12/2022 12:10:09,Failed
Invoice0057,1055,USD,16/12/2022 12:10:10,Finished
Invoice0058,1056,EUR,16/12/2022 12:10:11,Approved
Invoice0059,1057,SGD,16/12/2022 12:10:12,Failed
Invoice0060,1058,THB,16/12/2022 12:10:13,Finished
Invoice0061,1059,USD,16/12/2022 12:10:14,Approved
Invoice0062,1060,EUR,16/12/2022 12:10:15,Failed
Invoice0063,1061,SGD,16/12/2022 12:10:16,Finished
Invoice0064,1062,THB,16/12/2022 12:10:17,Approved
Invoice0065,1063,USD,16/12/2022 12:10:18,Failed
Invoice0066,1064,EUR,16/12/2022 12:10:19,Finished
Invoice0067,1065,SGD,16/12/2022 12:10:20,Approved
Invoice0068,1066,THB,16/12/2022 12:10:21,Failed
Invoice0069,1067,USD,16/12/2022 12:10:22,Finished
Invoice0070,1068,EUR,16/12/2022 12:10:23,Approved
Invoice0071,1069,SGD,16/12/2022 12:10:24,Failed
Invoice0072,1070,THB,16/12/2022 12:10:25,Finished
Invoice0073,1071,USD,16/12/2022 12:10:26,Approved
Invoice0074,1072,EUR,16/12/2022 12:10:27,Failed
Invoice0075,1073,SGD,16/12/2022 12:10:28,Finished
Invoice0076,1074,THB,16/12/2022 12:10:29,Approved
Invoice0077,1075,USD,16/12/2022 12:10:30,Failed
Invoice0078,1076,EUR,16/12/2022 12:10:31,Finished
Invoice0079,1077,SGD,16/12/2022 12:10:32,Approved
Invoice0080,1078,THB,16/12/2022 12:10:33,Failed
Invoice0081,1079,USD,16/12/2022 12:10:34,Finished
Invoice0082,1080,EUR,16/12/2022 12:10:35,Approved
Invoice0083,1081,SGD,16/12/2022 12:10:36,Failed
Invoice0084,1082,THB,16/12/2022 12:10:37,Finished
Invoice0085,1083,USD,16/12/2022 12:10:38,Approved
Invoice0086,1084,EUR,16/12/2022 12:10:39,Failed
Invoice0087,1085,SGD,16/12/2022 12:10:40,Finished
Invoice0088,1086,THB,16/12/2022 12:10:41,Approved
Invoice0089,1087,USD,16/12/2022 12:10:42,Failed
Invoice0090,1088,EUR,16/12/2022 12:10:43,Finished
Invoice0091,1089,SGD,16/12/2022 12:10:44,Approved
Invoice0092,1090,THB,16/12/2022 12:10:45,Failed
Invoice0093,1091,USD,16/12/2022 12:10:46,Finished
Invoice0094,1092,EUR,16/12/2022 12:10:47,Approved
Invoice0095,1093,SGD,16/12/2022 12:10:48,Failed
Invoice0096,1094,THB,16/12/2022 12:10:49,Finished
Invoice0097,1095,USD,16/12/2022 12:10:50,Approved
Invoice0098,1096,EUR,16/12/2022 12:10:51,Failed
Invoice0099,1097,SGD,16/12/2022 12:10:52,Finished
Invoice0100,1098,THB,16/12/2022 12:10:53,Approved
Invoice0101,1099,USD,16/12/2022 12:10:54,Failed
Invoice0102,1100,EUR,16/12/2022 12:10:55,Finished
Invoice0103,1101,SGD,16/12/2022 12:10:56,Approved
Invoice0104,1102,THB,16/12/2022 12:10:57,Failed
Invoice0105,1103,USD,16/12/2022 12:10:58,Finished
Invoice0106,1104,EUR,16/12/2022 12:11:58,Approved
Invoice0107,1105,SGD,16/12/2022 12:12:01,Failed
Invoice0108,1106,THB,16/12/2022 12:12:02,Finished
Invoice0109,1107,USD,16/12/2022 12:12:03,Approved
Invoice0110,1108,EUR,16/12/2022 12:12:04,Failed
Invoice0111,1109,SGD,16/12/2022 12:12:05,Finished
Invoice0112,1110,THB,16/12/2022 12:12:06,Approved
Invoice0113,1111,USD,16/12/2022 12:12:07,Failed
Invoice0114,1112,EUR,16/12/2022 12:12:08,Finished
Invoice0115,1113,SGD,16/12/2022 12:12:09,Approved
Invoice0116,1114,THB,16/12/2022 12:12:10,Failed
Invoice0117,1115,USD,16/12/2022 12:12:11,Finished
Invoice0118,1116,EUR,16/12/2022 12:12:12,Approved
Invoice0119,1117,SGD,16/12/2022 12:12:13,Failed
Invoice0120,1118,THB,16/12/2022 12:12:14,Finished
Invoice0121,1119,USD,16/12/2022 12:12:15,Approved
Invoice0122,1120,EUR,16/12/2022 12:12:16,Failed
Invoice0123,1121,SGD,16/12/2022 12:12:17,Finished
Invoice0124,1122,THB,16/12/2022 12:12:18,Approved
Invoice0125,1123,USD,16/12/2022 12:12:19,Failed
Invoice0126,1124,EUR,16/12/2022 12:12:20,Finished
Invoice0127,1125,SGD,16/12/2022 12:12:21,Approved
Invoice0128,1126,THB,16/12/2022 12:12:22,Failed
Invoice0129,1127,USD,16/12/2022 12:12:23,Finished
Invoice0130,1128,EUR,16/12/2022 12:12:24,Approved
Invoice0131,1129,SGD,16/12/2022 12:12:25,Failed
Invoice0132,1130,THB,16/12/2022 12:12:26,Finished
Invoice0133,1131,USD,16/12/2022 12:12:27,Approved
Invoice0134,1132,EUR,16/12/2022 12:12:28,Failed
Invoice0135,1133,SGD,16/12/2022 12:12:29,Finished
Invoice0136,1134,THB,16/12/2022 12:12:30,Approved
Invoice0137,1135,USD,16/12/2022 12:12:31,Failed
Invoice0138,1136,EUR,16/12/2022 12:12:32,Finished
Invoice0139,1137,SGD,16/12/2022 12:12:33,Approved
Invoice0140,1138,THB,16/12/2022 12:12:34,Failed
Invoice0141,1139,USD,16/12/2022 12:12:35,Finished
Invoice0142,1140,EUR,16/12/2022 12:12:36,Approved
Invoice0143,1141,SGD,16/12/2022 12:12:37,Failed
Invoice0144,1142,THB,16/12/2022 12:12:38,Finished
Invoice0145,1143,USD,16/12/2022 12:12:39,Approved
Invoice0146,1144,EUR,16/12/2022 12:12:40,Failed
Invoice0147,1145,SGD,16/12/2022 12:12:41,Finished
Invoice0148,1146,THB,16/12/2022 12:12:42,Approved
Invoice0149,1147,USD,16/12/2022 12:12:43,Failed
Invoice0150,1148,EUR,16/12/2022 12:12:44,Finished
Invoice0151,1149,SGD,16/12/2022 12:12:45,Approved
Invoice0152,1150,THB,16/12/2022 12:12:46,Failed
Invoice0153,1151,USD,16/12/2022 12:12:47,Finished
Invoice0154,1152,EUR,16/12/2022 12:12:48,Approved
Invoice0155,1153,SGD,16/12/2022 12:12:49,Failed
Invoice0156,1154,THB,16/12/2022 12:12:50,Finished
Invoice0157,1155,USD,16/12/2022 12:12:51,Approved
Invoice0158,1156,EUR,16/12/2022 12:12:52,Failed
Invoice0159,1157,SGD,16/12/2022 12:12:53,Finished
Invoice0160,1158,THB,16/12/2022 12:12:54,Approved
Invoice0161,1159,USD,16/12/2022 12:12:55,Failed
Invoice0162,1160,EUR,16/12/2022 12:12:56,Finished
Invoice0163,1161,SGD,16/12/2022 12:12:57,Approved
Invoice0164,1162,THB,16/12/2022 12:12:58,Failed
Invoice0165,1163,USD,16/12/2022 12:12:59,Finished
Invoice0166,1164,EUR,16/12/2022 12:12:30,Approved
Invoice0167,1165,SGD,16/12/2022 12:12:51,Failed
Invoice0168,1166,THB,16/12/2022 12:12:22,Finished
Invoice0169,1167,USD,17/12/2022 12:12:22,Approved
Invoice0170,1168,EUR,17/12/2022 12:12:22,Failed
Invoice0171,1169,SGD,17/12/2022 12:12:22,Finished
Invoice0172,1170,THB,17/12/2022 12:12:22,Approved
Invoice0173,1171,USD,17/12/2022 12:12:22,Failed
Invoice0174,1172,EUR,17/12/2022 12:12:22,Finished
Invoice0175,1173,SGD,17/12/2022 12:12:22,Approved
Invoice0176,1174,THB,17/12/2022 12:12:22,Failed
Invoice0177,1175,USD,17/12/2022 12:12:22,Finished
Invoice0178,1176,EUR,17/12/2022 12:12:22,Approved
Invoice0179,1177,SGD,17/12/2022 12:12:22,Failed
Invoice0180,1178,THB,17/12/2022 12:12:22,Finished
Invoice0181,1179,USD,17/12/2022 12:12:22,Approved
Invoice0182,1180,EUR,17/12/2022 12:12:22,Failed
Invoice0183,1181,SGD,17/12/2022 12:12:22,Finished
Invoice0184,1182,THB,17/12/2022 12:12:22,Approved
Invoice0185,1183,USD,17/12/2022 12:12:22,Failed
Invoice0186,1184,EUR,17/12/2022 12:12:22,Finished
Invoice0187,1185,SGD,17/12/2022 12:12:22,Approved
Invoice0188,1186,THB,17/12/2022 12:12:22,Failed
Invoice0189,1187,USD,17/12/2022 12:12:22,Finished
Invoice0190,1188,EUR,17/12/2022 12:12:22,Approved
Invoice0191,1189,SGD,17/12/2022 12:12:22,Failed
Invoice0192,1190,THB,17/12/2022 12:12:22,Finished
Invoice0193,1191,USD,17/12/2022 12:12:22,Approved
Invoice0194,1192,EUR,17/12/2022 12:12:22,Failed
Invoice0195,1193,SGD,17/12/2022 12:12:22,Finished
Invoice0196,1194,THB,17/12/2022 12:12:22,Approved
Invoice0197,1195,USD,17/12/2022 12:12:22,Failed
Invoice0198,1196,EUR,17/12/2022 12:12:22,Finished
Invoice0199,1197,SGD,17/12/2022 12:12:22,Approved
Invoice0200,1198,THB,17/12/2022 12:12:22,Failed
Invoice0201,1199,USD,17/12/2022 12:12:22,Finished
Invoice0202,1200,EUR,17/12/2022 12:12:22,Approved
Invoice0203,1201,SGD,17/12/2022 12:12:22,Failed
Invoice0204,1202,THB,17/12/2022 12:12:22,Finished
Invoice0205,1203,USD,17/12/2022 12:12:22,Approved
Invoice0206,1204,EUR,17/12/2022 12:12:22,Failed
Invoice0207,1205,SGD,17/12/2022 12:12:22,Finished
Invoice0208,1206,THB,17/12/2022 12:12:22,Approved
Invoice0209,1207,USD,17/12/2022 12:12:22,Failed
Invoice0210,1208,EUR,17/12/2022 12:12:22,Finished
Invoice0211,1209,SGD,17/12/2022 12:12:22,Approved
Invoice0212,1210,THB,17/12/2022 12:12:22,Failed
Invoice0213,1211,USD,17/12/2022 12:12:22,Finished
Invoice0214,1212,EUR,17/12/2022 12:12:22,Approved
Invoice0215,1213,SGD,17/12/2022 12:12:22,Failed
Invoice0216,1214,THB,17/12/2022 12:12:22,Finished
Invoice0217,1215,USD,17/12/2022 12:12:22,Approved
Invoice0218,1216,EUR,17/12/2022 12:12:22,Failed
Invoice0219,1217,SGD,17/12/2022 12:12:22,Finished
Invoice0220,1218,THB,17/12/2022 12:12:22,Approved
Invoice0221,1219,USD,17/12/2022 12:12:22,Failed
Invoice0222,1220,EUR,17/12/2022 12:12:22,Finished
Invoice0223,1221,SGD,17/12/2022 12:12:22,Approved
Invoice0224,1222,THB,17/12/2022 12:12:22,Failed
Invoice0225,1223,USD,17/12/2022 12:12:22,Finished
Invoice0226,1224,EUR,17/12/2022 12:12:22,Approved
Invoice0227,1225,SGD,17/12/2022 12:12:22,Failed
Invoice0228,1226,THB,17/12/2022 12:12:22,Finished
Invoice0229,1227,USD,17/12/2022 12:12:22,Approved
Invoice0230,1228,EUR,17/12/2022 12:12:22,Failed
Invoice0231,1229,SGD,17/12/2022 12:12:22,Finished
Invoice0232,1230,THB,17/12/2022 12:12:22,Approved
Invoice0233,1231,USD,17/12/2022 12:12:22,Failed
Invoice0234,1232,EUR,17/12/2022 12:12:22,Finished
Invoice0235,1233,SGD,17/12/2022 12:12:22,Approved
Invoice0236,1234,THB,17/12/2022 12:12:22,Failed
Invoice0237,1235,USD,17/12/2022 12:12:22,Finished
Invoice0238,1236,EUR,17/12/2022 12:12:22,Approved
Invoice0239,1237,SGD,17/12/2022 12:12:22,Failed
Invoice0240,1238,THB,17/12/2022 12:12:22,Finished
Invoice0241,1239,USD,17/12/2022 12:12:22,Approved
Invoice0242,1240,EUR,17/12/2022 12:12:22,Failed
Invoice0243,1241,SGD,17/12/2022 12:12:22,Finished
Invoice0244,1242,THB,17/12/2022 12:12:22,Approved
Invoice0245,1243,USD,17/12/2022 12:12:22,Failed
Invoice0246,1244,EUR,17/12/2022 12:12:22,Finished
Invoice0247,1245,SGD,17/12/2022 12:12:22,Approved
Invoice0248,1246,THB,17/12/2022 12:12:22,Failed
Invoice0249,1247,USD,17/12/2022 12:12:22,Finished
Invoice0250,1248,EUR,17/12/2022 12:12:22,Approved
Invoice0251,1249,SGD,17/12/2022 12:12:22,Failed
Invoice0252,1250,THB,17/12/2022 12:12:22,Finished
Invoice0253,1251,USD,17/12/2022 12:12:22,Approved
Invoice0254,1252,EUR,17/12/2022 12:12:22,Failed
Invoice0255,1253,SGD,17/12/2022 12:12:22,Finished
Invoice0256,1254,THB,17/12/2022 12:12:22,Approved
Invoice0257,1255,USD,17/12/2022 12:12:22,Failed
Invoice0258,1256,EUR,17/12/2022 12:12:22,Finished
Invoice0259,1257,SGD,17/12/2022 12:12:22,Approved
Invoice0260,1258,THB,17/12/2022 12:12:22,Failed
Invoice0261,1259,USD,17/12/2022 12:12:22,Finished
Invoice0262,1260,EUR,17/12/2022 12:12:22,Approved
Invoice0263,1261,SGD,17/12/2022 12:12:22,Failed
Invoice0264,1262,THB,17/12/2022 12:12:22,Finished
Invoice0265,1263,USD,17/12/2022 12:12:22,Approved
Invoice0266,1264,EUR,17/12/2022 12:12:22,Failed
Invoice0267,1265,SGD,17/12/2022 12:12:22,Finished
Invoice0268,1266,THB,17/12/2022 12:12:22,Approved
Invoice0269,1267,USD,17/12/2022 12:12:22,Failed
Invoice0270,1268,EUR,17/12/2022 12:12:22,Finished
Invoice0271,1269,SGD,17/12/2022 12:12:22,Approved
Invoice0272,1270,THB,17/12/2022 12:12:22,Failed
Invoice0273,1271,USD,17/12/2022 12:12:22,Finished
Invoice0274,1272,EUR,17/12/2022 12:12:22,Approved
Invoice0275,1273,SGD,17/12/2022 12:12:22,Failed
Invoice0276,1274,THB,17/12/2022 12:12:22,Finished
Invoice0277,1275,USD,17/12/2022 12:12:22,Approved
Invoice0278,1276,EUR,17/12/2022 12:12:22,Failed
Invoice0279,1277,SGD,17/12/2022 12:12:22,Finished
Invoice0280,1278,THB,17/12/2022 12:12:22,Approved
Invoice0281,1279,USD,17/12/2022 12:12:22,Failed
Invoice0282,1280,EUR,17/12/2022 12:12:22,Finished
Invoice0283,1281,SGD,17/12/2022 12:12:22,Approved
Invoice0284,1282,THB,17/12/2022 12:12:22,Failed
Invoice0285,1283,USD,17/12/2022 12:12:22,Finished
Invoice0286,1284,EUR,17/12/2022 12:12:22,Approved
Invoice0287,1285,SGD,17/12/2022 12:12:22,Failed
Invoice0288,1286,THB,17/12/2022 12:12:22,Finished
Invoice0289,1287,USD,17/12/2022 12:12:22,Approved
Invoice0290,1288,EUR,17/12/2022 12:12:22,Failed
Invoice0291,1289,SGD,17/12/2022 12:12:22,Finished
Invoice0292,1290,THB,17/12/2022 12:12:22,Approved
Invoice0293,1291,USD,17/12/2022 12:12:22,Failed
Invoice0294,1292,EUR,17/12/2022 12:12:22,Finished
Invoice0295,1293,SGD,17/12/2022 12:12:22,Approved
Invoice0296,1294,THB,17/12/2022 12:12:22,Failed
Invoice0297,1295,USD,17/12/2022 12:12:22,Finished
Invoice0298,1296,EUR,17/12/2022 12:12:22,Approved
Invoice0299,1297,SGD,17/12/2022 12:12:22,Failed
Invoice0300,1298,THB,17/12/2022 12:12:22,Finished
Invoice0301,1299,USD,17/12/2022 12:12:22,Approved
Invoice0302,1300,EUR,17/12/2022 12:12:22,Failed
Invoice0303,1301,SGD,17/12/2022 12:12:22,Finished
Invoice0304,1302,THB,17/12/2022 12:12:22,Approved
Invoice0305,1303,USD,17/12/2022 12:12:22,Failed
Invoice0306,1304,EUR,17/12/2022 12:12:22,Finished
Invoice0307,1305,SGD,17/12/2022 12:12:22,Approved
Invoice0308,1306,THB,17/12/2022 12:12:22,Failed
Invoice0309,1307,USD,17/12/2022 12:12:22,Finished
Invoice0310,1308,EUR,17/12/2022 12:12:22,Approved
Invoice0311,1309,SGD,17/12/2022 12:12:22,Failed
Invoice0312,1310,THB,17/12/2022 12:12:22,Finished
Invoice0313,1311,USD,17/12/2022 12:12:22,Approved
Invoice0314,1312,EUR,17/12/2022 12:12:22,Failed
Invoice0315,1313,SGD,17/12/2022 12:12:22,Finished
Invoice0316,1314,THB,17/12/2022 12:12:22,Approved
Invoice0317,1315,USD,17/12/2022 12:12:22,Failed
Invoice0318,1316,EUR,17/12/2022 12:12:22,Finished
Invoice0319,1317,SGD,17/12/2022 12:12:22,Approved
Invoice0320,1318,THB,17/12/2022 12:12:22,Failed
Invoice0321,1319,USD,17/12/2022 12:12:22,Finished
Invoice0322,1320,EUR,17/12/2022 12:12:22,Approved
Invoice0323,1321,SGD,17/12/2022 12:12:22,Failed
Invoice0324,1322,THB,17/12/2022 12:12:22,Finished
Invoice0325,1323,USD,17/12/2022 12:12:22,Approved
Invoice0326,1324,EUR,17/12/2022 12:12:22,Failed
Invoice0327,1325,SGD,17/12/2022 12:12:22,Finished
Invoice0328,1326,THB,17/12/2022 12:12:22,Approved
Invoice0329,1327,USD,17/12/2022 12:12:22,Failed
Invoice0330,1328,EUR,17/12/2022 12:12:22,Finished
Invoice0331,1329,SGD,17/12/2022 12:12:22,Approved
Invoice0332,1330,THB,17/12/2022 12:12:22,Failed
Invoice0333,1331,USD,17/12/2022 12:12:22,Finished
Invoice0334,1332,EUR,17/12/2022 12:12:22,Approved
Invoice0335,1333,SGD,17/12/2022 12:12:22,Failed
Invoice0336,1334,THB,17/12/2022 12:12:22,Finished
Invoice0337,1335,USD,17/12/2022 12:12:22,Approved
Invoice0338,1336,EUR,17/12/2022 12:12:22,Failed
Invoice0339,1337,SGD,17/12/2022 12:12:22,Finished
Invoice0340,1338,THB,17/12/2022 12:12:22,Approved
Invoice0341,1339,USD,17/12/2022 12:12:22,Failed
Invoice0342,1340,EUR,17/12/2022 12:12:22,Finished
Invoice0343,1341,SGD,17/12/2022 12:12:22,Approved
Invoice0344,1342,THB,17/12/2022 12:12:22,Failed
Invoice0345,1343,USD,17/12/2022 12:12:22,Finished
Invoice0346,1344,EUR,17/12/2022 12:12:22,Approved
Invoice0347,1345,SGD,17/12/2022 12:12:22,Failed
Invoice0348,1346,THB,17/12/2022 12:12:22,Finished
Invoice0349,1347,USD,17/12/2022 12:12:22,Approved
Invoice0350,1348,EUR,17/12/2022 12:12:22,Failed
Invoice0351,1349,SGD,17/12/2022 12:12:22,Finished
Invoice0352,1350,THB,17/12/2022 12:12:22,Approved
Invoice0353,1351,USD,17/12/2022 12:12:22,Failed
Invoice0354,1352,EUR,17/12/2022 12:12:22,Finished
Invoice0355,1353,SGD,17/12/2022 12:12:22,Approved
Invoice0356,1354,THB,17/12/2022 12:12:22,Failed
Invoice0357,1355,USD,17/12/2022 12:12:22,Finished
Invoice0358,1356,EUR,17/12/2022 12:12:22,Approved
Invoice0359,1357,SGD,17/12/2022 12:12:22,Failed
Invoice0360,1358,THB,17/12/2022 12:12:22,Finished
Invoice0361,1359,USD,17/12/2022 12:12:22,Approved
Invoice0362,1360,EUR,17/12/2022 12:12:22,Failed
Invoice0363,1361,SGD,17/12/2022 12:12:22,Finished
Invoice0364,1362,THB,17/12/2022 12:12:22,Approved
Invoice0365,1363,USD,17/12/2022 12:12:22,Failed
Invoice0366,1364,EUR,17/12/2022 12:12:22,Finished
Invoice0367,1365,SGD,17/12/2022 12:12:22,Approved
Invoice0368,1366,THB,17/12/2022 12:12:22,Failed
Invoice0369,1367,USD,17/12/2022 12:12:22,Finished
Invoice0370,1368,EUR,17/12/2022 12:12:22,Approved
Invoice0371,1369,SGD,17/12/2022 12:12:22,Failed
Invoice0372,1370,THB,17/12/2022 12:12:22,Finished
Invoice0373,1371,USD,17/12/2022 12:12:22,Approved
Invoice0374,1372,EUR,17/12/2022 12:12:22,Failed
Invoice0375,1373,SGD,17/12/2022 12:12:22,Finished
Invoice0376,1374,THB,17/12/2022 12:12:22,Approved
Invoice0377,1375,USD,17/12/2022 12:12:22,Failed
Invoice0378,1376,EUR,17/12/2022 12:12:22,Finished
Invoice0379,1377,SGD,17/12/2022 12:12:22,Approved
Invoice0380,1378,THB,17/12/2022 12:12:22,Failed
Invoice0381,1379,USD,17/12/2022 12:12:22,Finished
Invoice0382,1380,EUR,17/12/2022 12:12:22,Approved
Invoice0383,1381,SGD,17/12/2022 12:12:22,Failed
Invoice0384,1382,THB,17/12/2022 12:12:22,Finished
Invoice0385,1383,USD,17/12/2022 12:12:22,Approved
Invoice0386,1384,EUR,17/12/2022 12:12:22,Failed
Invoice0387,1385,SGD,17/12/2022 12:12:22,Finished
Invoice0388,1386,THB,17/12/2022 12:12:22,Approved
Invoice0389,1387,USD,17/12/2022 12:12:22,Failed
Invoice0390,1388,EUR,17/12/2022 12:12:22,Finished
Invoice0391,1389,SGD,17/12/2022 12:12:22,Approved
Invoice0392,1390,THB,17/12/2022 12:12:22,Failed
Invoice0393,1391,USD,17/12/2022 12:12:22,Finished
Invoice0394,1392,EUR,17/12/2022 12:12:22,Approved
Invoice0395,1393,SGD,17/12/2022 12:12:22,Failed
Invoice0396,1394,THB,17/12/2022 12:12:22,Finished
Invoice0397,1395,USD,17/12/2022 12:12:22,Approved
Invoice0398,1396,EUR,17/12/2022 12:12:22,Failed
Invoice0399,1397,SGD,17/12/2022 12:12:22,Finished
Invoice0400,1398,THB,17/12/2022 12:12:22,Approved
Invoice0401,1399,USD,17/12/2022 12:12:22,Failed
Invoice0402,1400,EUR,17/12/2022 12:12:22,Finished
Invoice0403,1401,SGD,17/12/2022 12:12:22,Approved
Invoice0404,1402,THB,17/12/2022 12:12:22,Failed
Invoice0405,1403,USD,17/12/2022 12:12:22,Finished
Invoice0406,1404,EUR,17/12/2022 12:12:22,Approved
Invoice0407,1405,SGD,17/12/2022 12:12:22,Failed
Invoice0408,1406,THB,17/12/2022 12:12:22,Finished
Invoice0409,1407,USD,17/12/2022 12:12:22,Approved
Invoice0410,1408,EUR,17/12/2022 12:12:22,Failed
Invoice0411,1409,SGD,17/12/2022 12:12:22,Finished
Invoice0412,1410,THB,17/12/2022 12:12:22,Approved
Invoice0413,1411,USD,17/12/2022 12:12:22,Failed
Invoice0414,1412,EUR,17/12/2022 12:12:22,Finished
Invoice0415,1413,SGD,17/12/2022 12:12:22,Approved
Invoice0416,1414,THB,17/12/2022 12:12:22,Failed
Invoice0417,1415,USD,17/12/2022 12:12:22,Finished
Invoice0418,1416,EUR,17/12/2022 12:12:22,Approved
Invoice0419,1417,SGD,17/12/2022 12:12:22,Failed
Invoice0420,1418,THB,17/12/2022 12:12:22,Finished
Invoice0421,1419,USD,17/12/2022 12:12:22,Approved
Invoice0422,1420,EUR,17/12/2022 12:12:22,Failed
Invoice0423,1421,SGD,17/12/2022 12:12:22,Finished
Invoice0424,1422,THB,17/12/2022 12:12:22,Approved
Invoice0425,1423,USD,17/12/2022 12:12:22,Failed
Invoice0426,1424,EUR,17/12/2022 12:12:22,Finished
Invoice0427,1425,SGD,17/12/2022 12:12:22,Approved
Invoice0428,1426,THB,17/12/2022 12:12:22,Failed
Invoice0429,1427,USD,17/12/2022 12:12:22,Finished
Invoice0430,1428,EUR,17/12/2022 12:12:22,Approved
Invoice0431,1429,SGD,17/12/2022 12:12:22,Failed
Invoice0432,1430,THB,17/12/2022 12:12:22,Finished
Invoice0433,1431,USD,17/12/2022 12:12:22,Approved
Invoice0434,1432,EUR,17/12/2022 12:12:22,Failed
Invoice0435,1433,SGD,17/12/2022 12:12:22,Finished
Invoice0436,1434,THB,17/12/2022 12:12:22,Approved
Invoice0437,1435,USD,17/12/2022 12:12:22,Failed
Invoice0438,1436,EUR,17/12/2022 12:12:22,Finished
Invoice0439,1437,SGD,17/12/2022 12:12:22,Approved
Invoice0440,1438,THB,17/12/2022 12:12:22,Failed
Invoice0441,1439,USD,17/12/2022 12:12:22,Finished
Invoice0442,1440,EUR,17/12/2022 12:12:22,Approved
Invoice0443,1441,SGD,17/12/2022 12:12:22,Failed
Invoice0444,1442,THB,17/12/2022 12:12:22,Finished
Invoice0445,1443,USD,17/12/2022 12:12:22,Approved
Invoice0446,1444,EUR,17/12/2022 12:12:22,Failed
Invoice0447,1445,SGD,17/12/2022 12:12:22,Finished
Invoice0448,1446,THB,17/12/2022 12:12:22,Approved
Invoice0449,1447,USD,17/12/2022 12:12:22,Failed
Invoice0450,1448,EUR,17/12/2022 12:12:22,Finished
Invoice0451,1449,SGD,17/12/2022 12:12:22,Approved
Invoice0452,1450,THB,17/12/2022 12:12:22,Failed
Invoice0453,1451,USD,17/12/2022 12:12:22,Finished
Invoice0454,1452,EUR,17/12/2022 12:12:22,Approved
Invoice0455,1453,SGD,17/12/2022 12:12:22,Failed
Invoice0456,1454,THB,17/12/2022 12:12:22,Finished
Invoice0457,1455,USD,17/12/2022 12:12:22,Approved
Invoice0458,1456,EUR,17/12/2022 12:12:22,Failed
Invoice0459,1457,SGD,17/12/2022 12:12:22,Finished
Invoice0460,1458,THB,17/12/2022 12:12:22,Approved
Invoice0461,1459,USD,17/12/2022 12:12:22,Failed
Invoice0462,1460,EUR,17/12/2022 12:12:22,Finished
Invoice0463,1461,SGD,17/12/2022 12:12:22,Approved
Invoice0464,1462,THB,17/12/2022 12:12:22,Failed
Invoice0465,1463,USD,17/12/2022 12:12:22,Finished
Invoice0466,1464,EUR,17/12/2022 12:12:22,Approved
Invoice0467,1465,SGD,17/12/2022 12:12:22,Failed
Invoice0468,1466,THB,17/12/2022 12:12:22,Finished
Invoice0469,1467,USD,17/12/2022 12:12:22,Approved
Invoice0470,1468,EUR,17/12/2022 12:12:22,Failed
Invoice0471,1469,SGD,17/12/2022 12:12:22,Finished
Invoice0472,1470,THB,17/12/2022 12:12:22,Approved
Invoice0473,1471,USD,17/12/2022 12:12:22,Failed
Invoice0474,1472,EUR,17/12/2022 12:12:22,Finished
Invoice0475,1473,SGD,17/12/2022 12:12:22,Approved
Invoice0476,1474,THB,17/12/2022 12:12:22,Failed
Invoice0477,1475,USD,17/12/2022 12:12:22,Finished
Invoice0478,1476,EUR,17/12/2022 12:12:22,Approved
Invoice0479,1477,SGD,17/12/2022 12:12:22,Failed
Invoice0480,1478,THB,17/12/2022 12:12:22,Finished
Invoice0481,1479,USD,17/12/2022 12:12:22,Approved
Invoice0482,1480,EUR,17/12/2022 12:12:22,Failed
Invoice0483,1481,SGD,17/12/2022 12:12:22,Finished
Invoice0484,1482,THB,17/12/2022 12:12:22,Approved
Invoice0485,1483,USD,17/12/2022 12:12:22,Failed
Invoice0486,1484,EUR,17/12/2022 12:12:22,Finished
Invoice0487,1485,SGD,17/12/2022 12:12:22,Approved
Invoice0488,1486,THB,17/12/2022 12:12:22,Failed
Invoice0489,1487,USD,17/12/2022 12:12:22,Finished
Invoice0490,1488,EUR,17/12/2022 12:12:22,Approved
Invoice0491,1489,SGD,17/12/2022 12:12:22,Failed
Invoice0492,1490,THB,17/12/2022 12:12:22,Finished
Invoice0493,1491,USD,17/12/2022 12:12:22,Approved
Invoice0494,1492,EUR,17/12/2022 12:12:22,Failed
Invoice0495,1493,SGD,17/12/2022 12:12:22,Finished
Invoice0496,1494,THB,17/12/2022 12:12:22,Approved
Invoice0497,1495,USD,17/12/2022 12:12:22,Failed
Invoice0498,1496,EUR,17/12/2022 12:12:22,Finished
Invoice0499,1497,SGD,17/12/2022 12:12:22,Approved
Invoice0500,1498,THB,17/12/2022 12:12:22,Failed
Invoice0501,1499,USD,17/12/2022 12:12:22,Finished
Invoice0502,1500,EUR,17/12/2022 12:12:22,Approved
Invoice0503,1501,SGD,17/12/2022 12:12:22,Failed
Invoice0504,1502,THB,17/12/2022 12:12:22,Finished
Invoice0505,1503,USD,17/12/2022 12:12:22,Approved
Invoice0506,1504,EUR,17/12/2022 12:12:22,Failed
Invoice0507,1505,SGD,17/12/2022 12:12:22,Finished
Invoice0508,1506,THB,17/12/2022 12:12:22,Approved
Invoice0509,1507,USD,17/12/2022 12:12:22,Failed
Invoice0510,1508,EUR,17/12/2022 12:12:22,Finished
Invoice0511,1509,SGD,17/12/2022 12:12:22,Approved
Invoice0512,1510,THB,17/12/2022 12:12:22,Failed
Invoice0513,1511,USD,17/12/2022 12:12:22,Finished
Invoice0514,1512,EUR,17/12/2022 12:12:22,Approved
Invoice0515,1513,SGD,17/12/2022 12:12:22,Failed
Invoice0516,1514,THB,17/12/2022 12:12:22,Finished
Invoice0517,1515,USD,17/12/2022 12:12:22,Approved
Invoice0518,1516,EUR,17/12/2022 12:12:22,Failed
Invoice0519,1517,SGD,17/12/2022 12:12:22,Finished
Invoice0520,1518,THB,17/12/2022 12:12:22,Approved
Invoice0521,1519,USD,17/12/2022 12:12:22,Failed
Invoice0522,1520,EUR,17/12/2022 12:12:22,Finished
Invoice0523,1521,SGD,17/12/2022 12:12:22,Approved
Invoice0524,1522,THB,17/12/2022 12:12:22,Failed
Invoice0525,1523,USD,17/12/2022 12:12:22,Finished
Invoice0526,1524,EUR,17/12/2022 12:12:22,Approved
Invoice0527,1525,SGD,17/12/2022 12:12:22,Failed
Invoice0528,1526,THB,17/12/2022 12:12:22,Finished
Invoice0529,1527,USD,17/12/2022 12:12:22,Approved
Invoice0530,1528,EUR,17/12/2022 12:12:22,Failed
Invoice0531,1529,SGD,17/12/2022 12:12:22,Finished
Invoice0532,1530,THB,17/12/2022 12:12:22,Approved
Invoice0533,1531,USD,17/12/2022 12:12:22,Failed
Invoice0534,1532,EUR,17/12/2022 12:12:22,Finished
Invoice0535,1533,SGD,17/12/2022 12:12:22,Approved
Invoice0536,1534,THB,17/12/2022 12:12:22,Failed
Invoice0537,1535,USD,17/12/2022 12:12:22,Finished
Invoice0538,1536,EUR,17/12/2022 12:12:22,Approved
Invoice0539,1537,SGD,17/12/2022 12:12:22,Failed
Invoice0540,1538,THB,17/12/2022 12:12:22,Finished
Invoice0541,1539,USD,17/12/2022 12:12:22,Approved
Invoice0542,1540,EUR,17/12/2022 12:12:22,Failed
Invoice0543,1541,SGD,17/12/2022 12:12:22,Finished
Invoice0544,1542,THB,17/12/2022 12:12:22,Approved
Invoice0545,1543,USD,17/12/2022 12:12:22,Failed
Invoice0546,1544,EUR,17/12/2022 12:12:22,Finished
Invoice0547,1545,SGD,17/12/2022 12:12:22,Approved
Invoice0548,1546,THB,17/12/2022 12:12:22,Failed
Invoice0549,1547,USD,17/12/2022 12:12:22,Finished
Invoice0550,1548,EUR,17/12/2022 12:12:22,Approved
Invoice0551,1549,SGD,17/12/2022 12:12:22,Failed
Invoice0552,1550,THB,17/12/2022 12:12:22,Finished
Invoice0553,1551,USD,17/12/2022 12:12:22,Approved
Invoice0554,1552,EUR,17/12/2022 12:12:22,Failed
Invoice0555,1553,SGD,17/12/2022 12:12:22,Finished
Invoice0556,1554,THB,17/12/2022 12:12:22,Approved
Invoice0557,1555,USD,17/12/2022 12:12:22,Failed
Invoice0558,1556,EUR,17/12/2022 12:12:22,Finished
Invoice0559,1557,SGD,17/12/2022 12:12:22,Approved
Invoice0560,1558,THB,17/12/2022 12:12:22,Failed
Invoice0561,1559,USD,17/12/2022 12:12:22,Finished
Invoice0562,1560,EUR,17/12/2022 12:12:22,Approved
Invoice0563,1561,SGD,17/12/2022 12:12:22,Failed
Invoice0564,1562,THB,17/12/2022 12:12:22,Finished
Invoice0565,1563,USD,17/12/2022 12:12:22,Approved
Invoice0566,1564,EUR,17/12/2022 12:12:22,Failed
Invoice0567,1565,SGD,17/12/2022 12:12:22,Finished
Invoice0568,1566,THB,17/12/2022 12:12:22,Approved
Invoice0569,1567,USD,17/12/2022 12:12:22,Failed
Invoice0570,1568,EUR,17/12/2022 12:12:22,Finished
Invoice0571,1569,SGD,17/12/2022 12:12:22,Approved
Invoice0572,1570,THB,17/12/2022 12:12:22,Failed
Invoice0573,1571,USD,17/12/2022 12:12:22,Finished
Invoice0574,1572,EUR,17/12/2022 12:12:22,Approved
Invoice0575,1573,SGD,17/12/2022 12:12:22,Failed
Invoice0576,1574,THB,17/12/2022 12:12:22,Finished
Invoice0577,1575,USD,17/12/2022 12:12:22,Approved
Invoice0578,1576,EUR,17/12/2022 12:12:22,Failed
Invoice0579,1577,SGD,17/12/2022 12:12:22,Finished
Invoice0580,1578,THB,17/12/2022 12:12:22,Approved
Invoice0581,1579,USD,17/12/2022 12:12:22,Failed
Invoice0582,1580,EUR,17/12/2022 12:12:22,Finished
Invoice0583,1581,SGD,17/12/2022 12:12:22,Approved
Invoice0584,1582,THB,17/12/2022 12:12:22,Failed
Invoice0585,1583,USD,17/12/2022 12:12:22,Finished
Invoice0586,1584,EUR,17/12/2022 12:12:22,Approved
Invoice0587,1585,SGD,17/12/2022 12:12:22,Failed
Invoice0588,1586,THB,17/12/2022 12:12:22,Finished
Invoice0589,1587,USD,17/12/2022 12:12:22,Approved
Invoice0590,1588,EUR,17/12/2022 12:12:22,Failed
Invoice0591,1589,SGD,17/12/2022 12:12:22,Finished
Invoice0592,1590,THB,17/12/2022 12:12:22,Approved
Invoice0593,1591,USD,17/12/2022 12:12:22,Failed
Invoice0594,1592,EUR,17/12/2022 12:12:22,Finished
Invoice0595,1593,SGD,17/12/2022 12:12:22,Approved
Invoice0596,1594,THB,17/12/2022 12:12:22,Failed
Invoice0597,1595,USD,17/12/2022 12:12:22,Finished
Invoice0598,1596,EUR,17/12/2022 12:12:22,Approved
Invoice0599,1597,SGD,17/12/2022 12:12:22,Failed
Invoice0600,1598,THB,17/12/2022 12:12:22,Finished
Invoice0601,1599,USD,17/12/2022 12:12:22,Approved
Invoice0602,1600,EUR,17/12/2022 12:12:22,Failed
Invoice0603,1601,SGD,17/12/2022 12:12:22,Finished
Invoice0604,1602,THB,17/12/2022 12:12:22,Approved
Invoice0605,1603,USD,17/12/2022 12:12:22,Failed
Invoice0606,1604,EUR,17/12/2022 12:12:22,Finished
Invoice0607,1605,SGD,17/12/2022 12:12:22,Approved
Invoice0608,1606,THB,17/12/2022 12:12:22,Failed
Invoice0609,1607,USD,17/12/2022 12:12:22,Finished
Invoice0610,1608,EUR,17/12/2022 12:12:22,Approved
Invoice0611,1609,SGD,17/12/2022 12:12:22,Failed
Invoice0612,1610,THB,17/12/2022 12:12:22,Finished
Invoice0613,1611,USD,17/12/2022 12:12:22,Approved
Invoice0614,1612,EUR,17/12/2022 12:12:22,Failed
Invoice0615,1613,SGD,17/12/2022 12:12:22,Finished
Invoice0616,1614,THB,17/12/2022 12:12:22,Approved
Invoice0617,1615,USD,17/12/2022 12:12:22,Failed
Invoice0618,1616,EUR,17/12/2022 12:12:22,Finished
Invoice0619,1617,SGD,17/12/2022 12:12:22,Approved
Invoice0620,1618,THB,17/12/2022 12:12:22,Failed
Invoice0621,1619,USD,17/12/2022 12:12:22,Finished
Invoice0622,1620,EUR,17/12/2022 12:12:22,Approved
Invoice0623,1621,SGD,17/12/2022 12:12:22,Failed
Invoice0624,1622,THB,17/12/2022 12:12:22,Finished
Invoice0625,1623,USD,17/12/2022 12:12:22,Approved
Invoice0626,1624,EUR,17/12/2022 12:12:22,Failed
Invoice0627,1625,SGD,17/12/2022 12:12:22,Finished
Invoice0628,1626,THB,17/12/2022 12:12:22,Approved
Invoice0629,1627,USD,17/12/2022 12:12:22,Failed
Invoice0630,1628,EUR,17/12/2022 12:12:22,Finished
Invoice0631,1629,SGD,17/12/2022 12:12:22,Approved
Invoice0632,1630,THB,17/12/2022 12:12:22,Failed
Invoice0633,1631,USD,17/12/2022 12:12:22,Finished
Invoice0634,1632,EUR,17/12/2022 12:12:22,Approved
Invoice0635,1633,SGD,17/12/2022 12:12:22,Failed
Invoice0636,1634,THB,17/12/2022 12:12:22,Finished
Invoice0637,1635,USD,17/12/2022 12:12:22,Approved
Invoice0638,1636,EUR,17/12/2022 12:12:22,Failed
Invoice0639,1637,SGD,17/12/2022 12:12:22,Finished
Invoice0640,1638,THB,17/12/2022 12:12:22,Approved
Invoice0641,1639,USD,17/12/2022 12:12:22,Failed
Invoice0642,1640,EUR,17/12/2022 12:12:22,Finished
Invoice0643,1641,SGD,17/12/2022 12:12:22,Approved
Invoice0644,1642,THB,17/12/2022 12:12:22,Failed
Invoice0645,1643,USD,17/12/2022 12:12:22,Finished
Invoice0646,1644,EUR,17/12/2022 12:12:22,Approved
Invoice0647,1645,SGD,17/12/2022 12:12:22,Failed
Invoice0648,1646,THB,17/12/2022 12:12:22,Finished
Invoice0649,1647,USD,17/12/2022 12:12:22,Approved
Invoice0650,1648,EUR,17/12/2022 12:12:22,Failed
Invoice0651,1649,SGD,17/12/2022 12:12:22,Finished
Invoice0652,1650,THB,17/12/2022 12:12:22,Approved
Invoice0653,1651,USD,17/12/2022 12:12:22,Failed
Invoice0654,1652,EUR,17/12/2022 12:12:22,Finished
Invoice0655,1653,SGD,17/12/2022 12:12:22,Approved
Invoice0656,1654,THB,17/12/2022 12:12:22,Failed
Invoice0657,1655,USD,17/12/2022 12:12:22,Finished
Invoice0658,1656,EUR,17/12/2022 12:12:22,Approved
Invoice0659,1657,SGD,17/12/2022 12:12:22,Failed
Invoice0660,1658,THB,17/12/2022 12:12:22,Finished
Invoice0661,1659,USD,17/12/2022 12:12:22,Approved
Invoice0662,1660,EUR,17/12/2022 12:12:22,Failed
Invoice0663,1661,SGD,17/12/2022 12:12:22,Finished
Invoice0664,1662,THB,17/12/2022 12:12:22,Approved
Invoice0665,1663,USD,17/12/2022 12:12:22,Failed
Invoice0666,1664,EUR,17/12/2022 12:12:22,Finished
Invoice0667,1665,SGD,17/12/2022 12:12:22,Approved
Invoice0668,1666,THB,17/12/2022 12:12:22,Failed
Invoice0669,1667,USD,17/12/2022 12:12:22,Finished
Invoice0670,1668,EUR,17/12/2022 12:12:22,Approved
Invoice0671,1669,SGD,17/12/2022 12:12:22,Failed
Invoice0672,1670,THB,17/12/2022 12:12:22,Finished
Invoice0673,1671,USD,17/12/2022 12:12:22,Approved
Invoice0674,1672,EUR,17/12/2022 12:12:22,Failed
Invoice0675,1673,SGD,17/12/2022 12:12:22,Finished
Invoice0676,1674,THB,17/12/2022 12:12:22,Approved
Invoice0677,1675,USD,17/12/2022 12:12:22,Failed
Invoice0678,1676,EUR,17/12/2022 12:12:22,Finished
Invoice0679,1677,SGD,17/12/2022 12:12:22,Approved
Invoice0680,1678,THB,17/12/2022 12:12:22,Failed
Invoice0681,1679,USD,17/12/2022 12:12:22,Finished
Invoice0682,1680,EUR,17/12/2022 12:12:22,Approved
Invoice0683,1681,SGD,17/12/2022 12:12:22,Failed
Invoice0684,1682,THB,17/12/2022 12:12:22,Finished
Invoice0685,1683,USD,17/12/2022 12:12:22,Approved
Invoice0686,1684,EUR,17/12/2022 12:12:22,Failed
Invoice0687,1685,SGD,17/12/2022 12:12:22,Finished
Invoice0688,1686,THB,17/12/2022 12:12:22,Approved
Invoice0689,1687,USD,17/12/2022 12:12:22,Failed
Invoice0690,1688,EUR,17/12/2022 12:12:22,Finished
Invoice0691,1689,SGD,17/12/2022 12:12:22,Approved
Invoice0692,1690,THB,17/12/2022 12:12:22,Failed
Invoice0693,1691,USD,17/12/2022 12:12:22,Finished
Invoice0694,1692,EUR,17/12/2022 12:12:22,Approved
Invoice0695,1693,SGD,17/12/2022 12:12:22,Failed
Invoice0696,1694,THB,17/12/2022 12:12:22,Finished
Invoice0697,1695,USD,17/12/2022 12:12:22,Approved
Invoice0698,1696,EUR,17/12/2022 12:12:22,Failed
Invoice0699,1697,SGD,17/12/2022 12:12:22,Finished
Invoice0700,1698,THB,17/12/2022 12:12:22,Approved
Invoice0701,1699,USD,17/12/2022 12:12:22,Failed
Invoice0702,1700,EUR,17/12/2022 12:12:22,Finished
Invoice0703,1701,SGD,17/12/2022 12:12:22,Approved
Invoice0704,1702,THB,17/12/2022 12:12:22,Failed
Invoice0705,1703,USD,17/12/2022 12:12:22,Finished
Invoice0706,1704,EUR,17/12/2022 12:12:22,Approved
Invoice0707,1705,SGD,17/12/2022 12:12:22,Failed
Invoice0708,1706,THB,17/12/2022 12:12:22,Finished
Invoice0709,1707,USD,17/12/2022 12:12:22,Approved
Invoice0710,1708,EUR,17/12/2022 12:12:22,Failed
Invoice0711,1709,SGD,17/12/2022 12:12:22,Finished
Invoice0712,1710,THB,17/12/2022 12:12:22,Approved
Invoice0713,1711,USD,17/12/2022 12:12:22,Failed
Invoice0714,1712,EUR,17/12/2022 12:12:22,Finished
Invoice0715,1713,SGD,17/12/2022 12:12:22,Approved
Invoice0716,1714,THB,17/12/2022 12:12:22,Failed
Invoice0717,1715,USD,17/12/2022 12:12:22,Finished
Invoice0718,1716,EUR,17/12/2022 12:12:22,Approved
Invoice0719,1717,SGD,17/12/2022 12:12:22,Failed
Invoice0720,1718,THB,17/12/2022 12:12:22,Finished
Invoice0721,1719,USD,17/12/2022 12:12:22,Approved
Invoice0722,1720,EUR,17/12/2022 12:12:22,Failed
Invoice0723,1721,SGD,17/12/2022 12:12:22,Finished
Invoice0724,1722,THB,17/12/2022 12:12:22,Approved
Invoice0725,1723,USD,17/12/2022 12:12:22,Failed
Invoice0726,1724,EUR,17/12/2022 12:12:22,Finished
Invoice0727,1725,SGD,17/12/2022 12:12:22,Approved
Invoice0728,1726,THB,18/12/2022 12:12:22,Failed
Invoice0729,1727,USD,18/12/2022 12:12:23,Finished
Invoice0730,1728,EUR,18/12/2022 12:12:24,Approved
Invoice0731,1729,SGD,18/12/2022 12:12:25,Failed
Invoice0732,1730,THB,18/12/2022 12:12:26,Finished
Invoice0733,1731,USD,18/12/2022 12:12:27,Approved
Invoice0734,1732,EUR,18/12/2022 12:12:28,Failed
Invoice0735,1733,SGD,18/12/2022 12:12:29,Finished
Invoice0736,1734,THB,18/12/2022 12:12:30,Approved
Invoice0737,1735,USD,18/12/2022 12:12:31,Failed
Invoice0738,1736,EUR,18/12/2022 12:12:32,Finished
Invoice0739,1737,SGD,18/12/2022 12:12:33,Approved
Invoice0740,1738,THB,18/12/2022 12:12:34,Failed
Invoice0741,1739,USD,18/12/2022 12:12:35,Finished
Invoice0742,1740,EUR,18/12/2022 12:12:36,Approved
Invoice0743,1741,SGD,18/12/2022 12:12:37,Failed
Invoice0744,1742,THB,18/12/2022 12:12:38,Finished
Invoice0745,1743,USD,18/12/2022 12:12:39,Approved
Invoice0746,1744,EUR,18/12/2022 12:12:40,Failed
Invoice0747,1745,SGD,18/12/2022 12:12:41,Finished
Invoice0748,1746,THB,18/12/2022 12:12:42,Approved
Invoice0749,1747,USD,18/12/2022 12:12:43,Failed
Invoice0750,1748,EUR,18/12/2022 12:12:44,Finished
Invoice0751,1749,SGD,18/12/2022 12:12:45,Approved
Invoice0752,1750,THB,18/12/2022 12:12:46,Failed
Invoice0753,1751,USD,18/12/2022 12:12:47,Finished
Invoice0754,1752,EUR,18/12/2022 12:12:48,Approved
Invoice0755,1753,SGD,18/12/2022 12:12:49,Failed
Invoice0756,1754,THB,18/12/2022 12:12:50,Finished
Invoice0757,1755,USD,18/12/2022 12:12:51,Approved
Invoice0758,1756,EUR,18/12/2022 12:12:52,Failed
Invoice0759,1757,SGD,18/12/2022 12:12:53,Finished
Invoice0760,1758,THB,18/12/2022 12:12:54,Approved
Invoice0761,1759,USD,18/12/2022 12:12:55,Failed
Invoice0762,1760,EUR,18/12/2022 12:12:56,Finished
Invoice0763,1761,SGD,18/12/2022 12:12:57,Approved
Invoice0764,1762,THB,18/12/2022 12:12:58,Failed
Invoice0765,1763,USD,19/12/2022 12:12:58,Finished
Invoice0766,1764,EUR,19/12/2022 12:12:58,Approved
Invoice0767,1765,SGD,19/12/2022 12:12:58,Failed
Invoice0768,1766,THB,19/12/2022 12:12:58,Finished
Invoice0769,1767,USD,19/12/2022 12:12:58,Approved
Invoice0770,1768,EUR,19/12/2022 12:12:58,Failed
Invoice0771,1769,SGD,19/12/2022 12:12:58,Finished
Invoice0772,1770,THB,19/12/2022 12:12:58,Approved
Invoice0773,1771,USD,19/12/2022 12:12:58,Failed
Invoice0774,1772,EUR,19/12/2022 12:12:58,Finished
Invoice0775,1773,SGD,19/12/2022 12:12:58,Approved
Invoice0776,1774,THB,19/12/2022 12:12:58,Failed
Invoice0777,1775,USD,19/12/2022 12:12:58,Finished
Invoice0778,1776,EUR,19/12/2022 12:12:58,Approved
Invoice0779,1777,SGD,19/12/2022 12:12:58,Failed
Invoice0780,1778,THB,19/12/2022 12:12:58,Finished
Invoice0781,1779,USD,19/12/2022 12:12:58,Approved
Invoice0782,1780,EUR,19/12/2022 12:12:58,Failed
Invoice0783,1781,SGD,19/12/2022 12:12:58,Finished
Invoice0784,1782,THB,19/12/2022 12:12:58,Approved
Invoice0785,1783,USD,19/12/2022 12:12:58,Failed
Invoice0786,1784,EUR,19/12/2022 12:12:58,Finished
Invoice0787,1785,SGD,19/12/2022 12:12:58,Approved
Invoice0788,1786,THB,19/12/2022 12:12:58,Failed
Invoice0789,1787,USD,19/12/2022 12:12:58,Finished
Invoice0790,1788,EUR,19/12/2022 12:12:58,Approved
Invoice0791,1789,SGD,19/12/2022 12:12:58,Failed
Invoice0792,1790,THB,19/12/2022 12:12:58,Finished
Invoice0793,1791,USD,19/12/2022 12:12:58,Approved
Invoice0794,1792,EUR,19/12/2022 12:12:58,Failed
Invoice0795,1793,SGD,19/12/2022 12:12:58,Finished
Invoice0796,1794,THB,19/12/2022 12:12:58,Approved
Invoice0797,1795,USD,19/12/2022 12:12:58,Failed
Invoice0798,1796,EUR,19/12/2022 12:12:58,Finished
Invoice0799,1797,SGD,19/12/2022 12:12:58,Approved
Invoice0800,1798,THB,19/12/2022 12:12:58,Failed
Invoice0801,1799,USD,19/12/2022 12:12:58,Finished
Invoice0802,1800,EUR,19/12/2022 12:12:58,Approved
Invoice0803,1801,SGD,19/12/2022 12:12:58,Failed
Invoice0804,1802,THB,19/12/2022 12:12:58,Finished
Invoice0805,1803,USD,19/12/2022 12:12:58,Approved
Invoice0806,1804,EUR,19/12/2022 12:12:58,Failed
Invoice0807,1805,SGD,19/12/2022 12:12:58,Finished
Invoice0808,1806,THB,19/12/2022 12:12:58,Approved
Invoice0809,1807,USD,19/12/2022 12:12:58,Failed
Invoice0810,1808,EUR,19/12/2022 12:12:58,Finished
Invoice0811,1809,SGD,19/12/2022 12:12:58,Approved
Invoice0812,1810,THB,19/12/2022 12:12:58,Failed
Invoice0813,1811,USD,19/12/2022 12:12:58,Finished
Invoice0814,1812,EUR,19/12/2022 12:12:58,Approved
Invoice0815,1813,SGD,19/12/2022 12:12:58,Failed
Invoice0816,1814,THB,19/12/2022 12:12:58,Finished
Invoice0817,1815,USD,19/12/2022 12:12:58,Approved
Invoice0818,1816,EUR,19/12/2022 12:12:58,Failed
Invoice0819,1817,SGD,19/12/2022 12:12:58,Finished
Invoice0820,1818,THB,19/12/2022 12:12:58,Approved
Invoice0821,1819,USD,19/12/2022 12:12:58,Failed
Invoice0822,1820,EUR,19/12/2022 12:12:58,Finished
Invoice0823,1821,SGD,19/12/2022 12:12:58,Approved
Invoice0824,1822,THB,19/12/2022 12:12:58,Failed
Invoice0825,1823,USD,19/12/2022 12:12:58,Finished
Invoice0826,1824,EUR,19/12/2022 12:12:58,Approved
Invoice0827,1825,SGD,19/12/2022 12:12:58,Failed
Invoice0828,1826,THB,19/12/2022 12:12:58,Finished
Invoice0829,1827,USD,19/12/2022 12:12:58,Approved
Invoice0830,1828,EUR,19/12/2022 12:12:58,Failed
Invoice0831,1829,SGD,19/12/2022 12:12:58,Finished
Invoice0832,1830,THB,19/12/2022 12:12:58,Approved
Invoice0833,1831,USD,19/12/2022 12:12:58,Failed
Invoice0834,1832,EUR,19/12/2022 12:12:58,Finished
Invoice0835,1833,SGD,19/12/2022 12:12:58,Approved
Invoice0836,1834,THB,19/12/2022 12:12:58,Failed
Invoice0837,1835,USD,19/12/2021 12:12:58,Finished
Invoice0838,1836,EUR,19/12/2021 12:12:58,Approved
Invoice0839,1837,SGD,19/12/2021 12:12:58,Failed
Invoice0840,1838,THB,19/12/2021 12:12:58,Finished
Invoice0841,1839,USD,19/12/2021 12:12:58,Approved
Invoice0842,1840,EUR,19/12/2021 12:12:58,Failed
Invoice0843,1841,SGD,19/12/2021 12:12:58,Finished
Invoice0844,1842,THB,19/12/2021 12:12:58,Approved
Invoice0845,1843,USD,19/12/2021 12:12:58,Failed
Invoice0846,1844,EUR,19/12/2021 12:12:58,Finished
Invoice0847,1845,SGD,19/12/2021 12:12:58,Approved
Invoice0848,1846,THB,19/12/2021 12:12:58,Failed
Invoice0849,1847,USD,19/12/2021 12:12:58,Finished
Invoice0850,1848,EUR,19/12/2021 12:12:58,Approved
Invoice0851,1849,SGD,19/12/2021 12:12:58,Failed
Invoice0852,1850,THB,19/12/2021 12:12:58,Finished
Invoice0853,1851,USD,19/12/2021 12:12:58,Approved
Invoice0854,1852,EUR,19/12/2021 12:12:58,Failed
Invoice0855,1853,SGD,19/12/2021 12:12:58,Finished
Invoice0856,1854,THB,19/12/2021 12:12:58,Approved
Invoice0857,1855,USD,19/12/2021 12:12:58,Failed
Invoice0858,1856,EUR,19/12/2021 12:12:58,Finished
Invoice0859,1857,SGD,19/12/2021 12:12:58,Approved
Invoice0860,1858,THB,19/12/2021 12:12:58,Failed
Invoice0861,1859,USD,19/12/2021 12:12:58,Finished
Invoice0862,1860,EUR,19/12/2021 12:12:58,Approved
Invoice0863,1861,SGD,19/12/2021 12:12:58,Failed
Invoice0864,1862,THB,19/12/2021 12:12:58,Finished
Invoice0865,1863,USD,19/12/2021 12:12:58,Approved
Invoice0866,1864,EUR,19/12/2021 12:12:58,Failed
Invoice0867,1865,SGD,19/12/2021 12:12:58,Finished
Invoice0868,1866,THB,19/12/2021 12:12:58,Approved
Invoice0869,1867,USD,19/12/2021 12:12:58,Failed
Invoice0870,1868,EUR,19/12/2021 12:12:58,Finished
Invoice0871,1869,SGD,19/12/2021 12:12:58,Approved
Invoice0872,1870,THB,19/12/2021 12:12:58,Failed
Invoice0873,1871,USD,19/12/2021 12:12:58,Finished
Invoice0874,1872,EUR,19/12/2021 12:12:58,Approved
Invoice0875,1873,SGD,19/12/2021 12:12:58,Failed
Invoice0876,1874,THB,19/12/2021 12:12:58,Finished
Invoice0877,1875,USD,19/12/2021 12:12:58,Approved
Invoice0878,1876,EUR,19/12/2021 12:12:58,Failed
Invoice0879,1877,SGD,19/12/2021 12:12:58,Finished
Invoice0880,1878,THB,19/12/2021 12:12:58,Approved
Invoice0881,1879,USD,19/12/2021 12:12:58,Failed
Invoice0882,1880,EUR,19/12/2021 12:12:58,Finished
Invoice0883,1881,SGD,19/12/2021 12:12:58,Approved
Invoice0884,1882,THB,19/12/2021 12:12:58,Failed
Invoice0885,1883,USD,19/12/2021 12:12:58,Finished
Invoice0886,1884,EUR,19/12/2021 12:12:58,Approved
Invoice0887,1885,SGD,19/12/2021 12:12:58,Failed
Invoice0888,1886,THB,19/12/2021 12:12:58,Finished
Invoice0889,1887,USD,19/12/2021 12:12:58,Approved
Invoice0890,1888,EUR,19/12/2021 12:12:58,Failed
Invoice0891,1889,SGD,19/12/2021 12:12:58,Finished
Invoice0892,1890,THB,19/12/2021 12:12:58,Approved
Invoice0893,1891,USD,19/12/2021 12:12:58,Failed
Invoice0894,1892,EUR,19/12/2021 12:12:58,Finished
Invoice0895,1893,SGD,19/12/2021 12:12:58,Approved
Invoice0896,1894,THB,19/12/2021 12:12:58,Failed
Invoice0897,1895,USD,19/12/2021 12:12:58,Finished
Invoice0898,1896,EUR,19/12/2021 12:12:58,Approved
Invoice0899,1897,SGD,19/12/2021 12:12:58,Failed
Invoice0900,1898,THB,19/12/2021 12:12:58,Finished
Invoice0901,1899,USD,19/12/2021 12:12:58,Approved
Invoice0902,1900,EUR,19/12/2021 12:12:58,Failed
Invoice0903,1901,SGD,19/12/2021 12:12:58,Finished
Invoice0904,1902,THB,19/12/2021 12:12:58,Approved
Invoice0905,1903,USD,19/12/2021 12:12:58,Failed
Invoice0906,1904,EUR,19/12/2021 12:12:58,Finished
Invoice0907,1905,SGD,19/12/2021 12:12:58,Approved
Invoice0908,1906,THB,19/12/2021 12:12:58,Failed
Invoice0909,1907,USD,19/12/2021 12:12:58,Finished
Invoice0910,1908,EUR,19/12/2021 12:12:58,Approved
Invoice0911,1909,SGD,19/12/2021 12:12:58,Failed
Invoice0912,1910,THB,19/12/2021 12:12:58,Finished
Invoice0913,1911,USD,19/12/2021 12:12:58,Approved
Invoice0914,1912,EUR,19/12/2021 12:12:58,Failed
Invoice0915,1913,SGD,19/12/2021 12:12:58,Finished
Invoice0916,1914,THB,19/12/2021 12:12:58,Approved
Invoice0917,1915,USD,19/12/2021 12:12:58,Failed
Invoice0918,1916,EUR,19/12/2021 12:12:58,Finished
Invoice0919,1917,SGD,19/12/2021 12:12:58,Approved
Invoice0920,1918,THB,19/12/2021 12:12:58,Failed
Invoice0921,1919,USD,19/12/2021 12:12:58,Finished
Invoice0922,1920,EUR,19/12/2021 12:12:58,Approved
Invoice0923,1921,SGD,19/12/2021 12:12:58,Failed
Invoice0924,1922,THB,19/12/2021 12:12:58,Finished
Invoice0925,1923,USD,19/12/2021 12:12:58,Approved
Invoice0926,1924,EUR,19/12/2021 12:12:58,Failed
Invoice0927,1925,SGD,19/12/2021 12:12:58,Finished
Invoice0928,1926,THB,19/12/2021 12:12:58,Approved
Invoice0929,1927,USD,19/12/2021 12:12:58,Failed
Invoice0930,1928,EUR,19/12/2021 12:12:58,Finished
Invoice0931,1929,SGD,19/12/2021 12:12:58,Approved
Invoice0932,1930,THB,19/12/2021 12:12:58,Failed
Invoice0933,1931,USD,19/12/2021 12:12:58,Finished
Invoice0934,1932,EUR,19/12/2021 12:12:58,Approved
Invoice0935,1933,SGD,19/12/2021 12:12:58,Failed
Invoice0936,1934,THB,19/12/2021 12:12:58,Finished
Invoice0937,1935,USD,19/12/2021 12:12:58,Approved
Invoice0938,1936,EUR,19/12/2021 12:12:58,Failed
Invoice0939,1937,SGD,19/12/2021 12:12:58,Finished
Invoice0940,1938,THB,19/12/2021 12:12:58,Approved
Invoice0941,1939,USD,19/12/2021 12:12:58,Failed
Invoice0942,1940,EUR,19/12/2021 12:12:58,Finished
Invoice0943,1941,SGD,19/12/2021 12:12:58,Approved
Invoice0944,1942,THB,19/12/2021 12:12:58,Failed
Invoice0945,1943,USD,19/12/2021 12:12:58,Finished
Invoice0946,1944,EUR,19/12/2021 12:12:58,Approved
Invoice0947,1945,SGD,19/12/2021 12:12:58,Failed
Invoice0948,1946,THB,19/12/2021 12:12:58,Finished
Invoice0949,1947,USD,19/12/2021 12:12:58,Approved
Invoice0950,1948,EUR,19/12/2021 12:12:58,Failed
Invoice0951,1949,SGD,19/12/2021 12:12:58,Finished
Invoice0952,1950,THB,19/12/2021 12:12:58,Approved
Invoice0953,1951,USD,19/12/2021 12:12:58,Failed
Invoice0954,1952,EUR,19/12/2021 12:12:58,Finished
Invoice0955,1953,SGD,19/12/2021 12:12:58,Approved
Invoice0956,1954,THB,19/12/2021 12:12:58,Failed
Invoice0957,1955,USD,19/12/2021 12:12:58,Finished
Invoice0958,1956,EUR,19/12/2021 12:12:58,Approved
Invoice0959,1957,SGD,19/12/2021 12:12:58,Failed
Invoice0960,1958,THB,19/12/2021 12:12:58,Finished
Invoice0961,1959,USD,19/12/2021 12:12:58,Approved
Invoice0962,1960,EUR,19/12/2021 12:12:58,Failed
Invoice0963,1961,SGD,19/12/2021 12:12:58,Finished
Invoice0964,1962,THB,19/12/2021 12:12:58,Approved
Invoice0965,1963,USD,19/12/2021 12:12:58,Failed
Invoice0966,1964,EUR,19/12/2021 12:12:58,Finished
Invoice0967,1965,SGD,19/12/2021 12:12:58,Approved
Invoice0968,1966,THB,19/12/2021 12:12:58,Failed
Invoice0969,1967,USD,19/12/2021 12:12:58,Finished
Invoice0970,1968,EUR,19/12/2021 12:12:58,Approved
Invoice0971,1969,SGD,19/12/2021 12:12:58,Failed
Invoice0972,1970,THB,19/12/2021 12:12:58,Finished
Invoice0973,1971,USD,19/12/2021 12:12:58,Approved
Invoice0974,1972,EUR,19/12/2021 12:12:58,Failed
Invoice0975,1973,SGD,19/12/2021 12:12:58,Finished
Invoice0976,1974,THB,19/12/2021 12:12:58,Approved
Invoice0977,1975,USD,19/12/2021 12:12:58,Failed
Invoice0978,1976,EUR,19/12/2021 12:12:58,Finished
Invoice0979,1977,SGD,19/12/2021 12:12:58,Approved
Invoice0980,1978,THB,19/12/2021 12:12:58,Failed
Invoice0981,1979,USD,19/12/2021 12:12:58,Finished
Invoice0982,1980,EUR,19/12/2021 12:12:58,Approved
Invoice0983,1981,SGD,19/12/2021 12:12:58,Failed
Invoice0984,1982,THB,19/12/2021 12:12:58,Finished
Invoice0985,1983,USD,19/12/2021 12:12:58,Approved
Invoice0986,1984,EUR,19/12/2021 12:12:58,Failed
Invoice0987,1985,SGD,19/12/2021 12:12:58,Finished
Invoice0988,1986,THB,19/12/2021 12:12:58,Approved
Invoice0989,1987,USD,19/12/2021 12:12:58,Failed
Invoice0990,1988,EUR,19/12/2021 12:12:58,Finished
Invoice0991,1989,SGD,19/12/2021 12:12:58,Approved
Invoice0992,1990,THB,19/12/2021 12:12:58,Failed
Invoice0993,1991,USD,19/12/2021 12:12:58,Finished
Invoice0994,1992,EUR,19/12/2021 12:12:58,Approved
Invoice0995,1993,SGD,19/12/2021 12:12:58,Failed
Invoice0996,1994,THB,19/12/2021 12:12:58,Finished
Invoice0997,1995,USD,19/12/2021 12:12:58,Approved
Invoice0998,1996,EUR,19/12/2021 12:12:58,Failed
Invoice0999,1997,SGD,19/12/2021 12:12:58,Finished
Invoice1000,1998,THB,19/12/2021 12:12:58,Approved
